{"version": {"json_export": "202", "page_segmentation": "5", "schema": "1.1.0", "structure": "1.1085.0", "table_structure": "5"}, "extended_metadata": {"ID_instance": "B4 CD A6 C1 9D B9 B2 11 0A 00 67 45 8B 6B C6 23 ", "ID_permanent": "44 43 20 42 37 20 38 37 20 43 31 20 39 44 20 42 39 20 42 32 20 31 31 20 30 41 20 30 30 20 36 37 20 34 35 20 38 42 20 36 42 20 43 36 20 32 33 20 ", "has_acroform": false, "has_embedded_files": false, "is_XFA": false, "is_certified": false, "is_encrypted": false, "is_digitally_signed": false, "language": "", "page_count": 1, "pdf_version": "1.6", "pdfa_compliance_level": "", "pdfua_compliance_level": ""}, "elements": [{"Bounds": [0.0, 0.0, 1600.0732421875, 1200.0], "ObjectID": 26, "Page": 0, "Path": "//Document/Figure", "attributes": {"BBox": [74.75699999999779, 0.0488280999999997, 1078.6399999999558, 1149.4799999999814], "Placement": "Block"}}, {"Bounds": [0.0, 0.0, 1600.0732421875, 1200.0], "ObjectID": 26, "Page": 0, "Path": "//Document/Figure", "attributes": {"BBox": [74.75699999999779, 0.0488280999999997, 1078.6399999999558, 1149.4799999999814], "Placement": "Block"}}, {"Bounds": [1387.6799011230469, 388.1999969482422, 1387.919906616211, 388.67999267578125], "ObjectID": 27, "Page": 0, "Path": "//Document/Figure[2]", "attributes": {"BBox": [1387.6199999999953, 388.35299999998824, 1387.859999999986, 388.5929999999935], "Placement": "Block", "SpaceBefore": 9}}, {"Bounds": [0.0, 0.0, 1600.0732421875, 1200.0], "ObjectID": 28, "Page": 0, "Path": "//Document/Figure[3]", "attributes": {"BBox": [1307.7099999999627, 83.5653999999995, 1516.5, 413.19199999999546], "Placement": "Block", "SpaceBefore": 9}}, {"Bounds": [0.0, 0.0, 1600.0732421875, 1200.0], "ObjectID": 28, "Page": 0, "Path": "//Document/Figure[3]", "attributes": {"BBox": [1307.7099999999627, 83.5653999999995, 1516.5, 413.19199999999546], "Placement": "Block", "SpaceBefore": 9}}], "pages": [{"boxes": {"CropBox": [0.0, 0.0, 1600.0799560546875, 1200.0], "MediaBox": [0.0, 0.0, 1600.0799560546875, 1200.0]}, "height": 1200.0, "is_scanned": true, "page_number": 0, "rotation": 0, "width": 1600.0799560546875}]}